job_title,job_detail_url,job_listed,company_name,company_link,company_location
Restaurant Manager,https://pk.linkedin.com/jobs/view/restaurant-manager-at-byte-yc-s20-3712334667?refId=BqsXRrSopXmgmqInI34qQA%3D%3D&trackingId=QI5eJR8NHN%2FKarpIP%2Fthwg%3D%3D&position=1&pageNum=0&trk=public_jobs_jserp-result_search-card,2 weeks ago,Byte (YC S20),https://pk.linkedin.com/company/byte-app?trk=public_jobs_jserp-result_job-search-card-subtitle,"Lahore, Punjab, Pakistan"
Virtual Assistant (VA),https://pk.linkedin.com/jobs/view/virtual-assistant-va-at-remotebase-3719409223?refId=BqsXRrSopXmgmqInI34qQA%3D%3D&trackingId=UI05QwczWoB%2Fqukfy7IX2Q%3D%3D&position=2&pageNum=0&trk=public_jobs_jserp-result_search-card,1 week ago,Remotebase,https://www.linkedin.com/company/remotebasehq?trk=public_jobs_jserp-result_job-search-card-subtitle,Pakistan
Dairy and Frozen Department Team Member,https://pk.linkedin.com/jobs/view/dairy-and-frozen-department-team-member-at-human-resource-solutions-international-hrsi-3714637033?refId=BqsXRrSopXmgmqInI34qQA%3D%3D&trackingId=y%2F0jO3n880oRqdP7JfDKtw%3D%3D&position=3&pageNum=0&trk=public_jobs_jserp-result_search-card,1 week ago,Human Resource Solutions International - HRSI,https://pk.linkedin.com/company/hrsi?trk=public_jobs_jserp-result_job-search-card-subtitle,"Karāchi, Sindh, Pakistan"
Performance Marketing Associate,https://pk.linkedin.com/jobs/view/performance-marketing-associate-at-byte-yc-s20-3712337297?refId=BqsXRrSopXmgmqInI34qQA%3D%3D&trackingId=ik9QsXXYV%2Fb2P0EXEG6cDg%3D%3D&position=4&pageNum=0&trk=public_jobs_jserp-result_search-card,2 weeks ago,Byte (YC S20),https://pk.linkedin.com/company/byte-app?trk=public_jobs_jserp-result_job-search-card-subtitle,"Lahore, Punjab, Pakistan"
Front Desk Officer (CN-09-23),https://pk.linkedin.com/jobs/view/front-desk-officer-cn-09-23-at-people-professional-employers-pvt-ltd-3716466841?refId=BqsXRrSopXmgmqInI34qQA%3D%3D&trackingId=onsgWlPtKPOC5Vt1g38T%2FA%3D%3D&position=5&pageNum=0&trk=public_jobs_jserp-result_search-card,5 days ago,People (Professional Employers Pvt Ltd),https://pk.linkedin.com/company/professional-employers-pvt.-ltd.?trk=public_jobs_jserp-result_job-search-card-subtitle,"Karāchi, Sindh, Pakistan"
IT Support Engineer,https://pk.linkedin.com/jobs/view/it-support-engineer-at-inbox-business-technologies-3597723009?refId=BqsXRrSopXmgmqInI34qQA%3D%3D&trackingId=sCUeiVJJXqztk9aGLlOsmg%3D%3D&position=6&pageNum=0&trk=public_jobs_jserp-result_search-card,5 months ago,Inbox Business Technologies,https://pk.linkedin.com/company/inbox-business-technologies?trk=public_jobs_jserp-result_job-search-card-subtitle,"Islamabad, Islāmābād, Pakistan"
Research Assistant Environmental Sciences (NRPU 5634),https://pk.linkedin.com/jobs/view/research-assistant-environmental-sciences-nrpu-5634-at-government-college-university-faisalabad-3665316455?refId=BqsXRrSopXmgmqInI34qQA%3D%3D&trackingId=rpoXdmZtWXAv33miCZQs%2Bw%3D%3D&position=7&pageNum=0&trk=public_jobs_jserp-result_search-card,3 months ago,"Government  College University, Faisalabad",https://pk.linkedin.com/company/govt.-college-university-faisalabad?trk=public_jobs_jserp-result_job-search-card-subtitle,"Faisalabad, Punjab, Pakistan"
Secretariat Staff Department of Botany,https://pk.linkedin.com/jobs/view/secretariat-staff-department-of-botany-at-government-college-university-faisalabad-3557109933?refId=BqsXRrSopXmgmqInI34qQA%3D%3D&trackingId=o%2BomNfUU7ul7gmLwZ5Cyqg%3D%3D&position=8&pageNum=0&trk=public_jobs_jserp-result_search-card,6 months ago,"Government  College University, Faisalabad",https://pk.linkedin.com/company/govt.-college-university-faisalabad?trk=public_jobs_jserp-result_job-search-card-subtitle,"Faisalabad, Punjab, Pakistan"
Voice Agent,https://pk.linkedin.com/jobs/view/voice-agent-at-lumikha-teams-3718933774?refId=BqsXRrSopXmgmqInI34qQA%3D%3D&trackingId=Ir3DlHAU33K1RjdRSUpJ3w%3D%3D&position=9&pageNum=0&trk=public_jobs_jserp-result_search-card,6 days ago,Lumikha Teams,https://ph.linkedin.com/company/lumikhateams?trk=public_jobs_jserp-result_job-search-card-subtitle,Pakistan
Warehouse Assistant / RO Plant Operator,https://pk.linkedin.com/jobs/view/warehouse-assistant-ro-plant-operator-at-human-resource-solutions-international-hrsi-3714631630?refId=BqsXRrSopXmgmqInI34qQA%3D%3D&trackingId=JnETAE24rnS82hsSm6USxQ%3D%3D&position=10&pageNum=0&trk=public_jobs_jserp-result_search-card,1 week ago,Human Resource Solutions International - HRSI,https://pk.linkedin.com/company/hrsi?trk=public_jobs_jserp-result_job-search-card-subtitle,"Quetta, Baluchistan, Pakistan"
Research Associate Position in the Department of Food Science,https://pk.linkedin.com/jobs/view/research-associate-position-in-the-department-of-food-science-at-government-college-university-faisalabad-3637106084?refId=BqsXRrSopXmgmqInI34qQA%3D%3D&trackingId=mNPcYFyI33DOgHAbAOLwYA%3D%3D&position=11&pageNum=0&trk=public_jobs_jserp-result_search-card,4 months ago,"Government  College University, Faisalabad",https://pk.linkedin.com/company/govt.-college-university-faisalabad?trk=public_jobs_jserp-result_job-search-card-subtitle,"Faisalabad, Punjab, Pakistan"
Research Assistant Bioinformatics and Biotechnology,https://pk.linkedin.com/jobs/view/research-assistant-bioinformatics-and-biotechnology-at-government-college-university-faisalabad-3683517686?refId=BqsXRrSopXmgmqInI34qQA%3D%3D&trackingId=5w1wtmp%2BEvlA4c8Lwufv0w%3D%3D&position=12&pageNum=0&trk=public_jobs_jserp-result_search-card,2 months ago,"Government  College University, Faisalabad",https://pk.linkedin.com/company/govt.-college-university-faisalabad?trk=public_jobs_jserp-result_job-search-card-subtitle,"Faisalabad, Punjab, Pakistan"
Administrator,https://pk.linkedin.com/jobs/view/administrator-at-ikea-3723073809?refId=BqsXRrSopXmgmqInI34qQA%3D%3D&trackingId=2p0gh4AvgGpwFKYs6Hft5A%3D%3D&position=13&pageNum=0&trk=public_jobs_jserp-result_search-card,4 days ago,IKEA,https://nl.linkedin.com/company/ikea?trk=public_jobs_jserp-result_job-search-card-subtitle,"Karāchi, Sindh, Pakistan"
Position Vacant:Department of Zoology,https://pk.linkedin.com/jobs/view/position-vacant-department-of-zoology-at-government-college-university-faisalabad-3683523930?refId=BqsXRrSopXmgmqInI34qQA%3D%3D&trackingId=6WTRsSb8ijr3togY4fdgRg%3D%3D&position=14&pageNum=0&trk=public_jobs_jserp-result_search-card,2 months ago,"Government  College University, Faisalabad",https://pk.linkedin.com/company/govt.-college-university-faisalabad?trk=public_jobs_jserp-result_job-search-card-subtitle,"Faisalabad, Punjab, Pakistan"
Virtual assistant / Executive assistant,https://pk.linkedin.com/jobs/view/virtual-assistant-executive-assistant-at-vstaffer-3712620386?refId=BqsXRrSopXmgmqInI34qQA%3D%3D&trackingId=MY08E7rfOa%2B8iDGZObIHMw%3D%3D&position=15&pageNum=0&trk=public_jobs_jserp-result_search-card,1 month ago,Vstaffer,https://www.linkedin.com/company/vstaffer?trk=public_jobs_jserp-result_job-search-card-subtitle,"Islamabad, Islāmābād, Pakistan"
Assistant Manager,https://pk.linkedin.com/jobs/view/assistant-manager-at-the-indus-hospital-3715251465?refId=BqsXRrSopXmgmqInI34qQA%3D%3D&trackingId=2vTC6slkZxMya9zoerk43w%3D%3D&position=16&pageNum=0&trk=public_jobs_jserp-result_search-card,1 week ago,The Indus Hospital,https://pk.linkedin.com/company/indus-hospital-health-network?trk=public_jobs_jserp-result_job-search-card-subtitle,"Muzaffargarh, Punjab, Pakistan"
Medical Officer,https://pk.linkedin.com/jobs/view/medical-officer-at-the-indus-hospital-3719519724?refId=BqsXRrSopXmgmqInI34qQA%3D%3D&trackingId=DcqLeC%2F3iIT4MwX7Cp0OMA%3D%3D&position=17&pageNum=0&trk=public_jobs_jserp-result_search-card,4 days ago,The Indus Hospital,https://pk.linkedin.com/company/indus-hospital-health-network?trk=public_jobs_jserp-result_job-search-card-subtitle,"Karachi Division, Sindh, Pakistan"
Car Technician - Multan,https://pk.linkedin.com/jobs/view/car-technician-multan-at-pakwheels-com-3625994478?refId=BqsXRrSopXmgmqInI34qQA%3D%3D&trackingId=i6h%2BWdak%2F6fGshHI4cl1PQ%3D%3D&position=18&pageNum=0&trk=public_jobs_jserp-result_search-card,4 months ago,PakWheels.com,https://pk.linkedin.com/company/pakwheels?trk=public_jobs_jserp-result_job-search-card-subtitle,"Multan, Punjab, Pakistan"
Position Vacant,https://pk.linkedin.com/jobs/view/position-vacant-at-government-college-university-faisalabad-3683527011?refId=BqsXRrSopXmgmqInI34qQA%3D%3D&trackingId=JSlfMAJkotDw9qgmo3wzuQ%3D%3D&position=19&pageNum=0&trk=public_jobs_jserp-result_search-card,2 months ago,"Government  College University, Faisalabad",https://pk.linkedin.com/company/govt.-college-university-faisalabad?trk=public_jobs_jserp-result_job-search-card-subtitle,"Faisalabad, Punjab, Pakistan"
Sr. Talent Acquisition Specialist,https://pk.linkedin.com/jobs/view/sr-talent-acquisition-specialist-at-jeeny-3725072639?refId=BqsXRrSopXmgmqInI34qQA%3D%3D&trackingId=m%2B7QzPLsCWDweiKI2BmuHg%3D%3D&position=20&pageNum=0&trk=public_jobs_jserp-result_search-card,4 days ago,Jeeny,https://sa.linkedin.com/company/jeenyme?trk=public_jobs_jserp-result_job-search-card-subtitle,"Lahore, Punjab, Pakistan"
Research Assistant Department of Environmental Sciences & Engineering,https://pk.linkedin.com/jobs/view/research-assistant-department-of-environmental-sciences-engineering-at-government-college-university-faisalabad-3637107515?refId=BqsXRrSopXmgmqInI34qQA%3D%3D&trackingId=cysGNWi%2BAfUmMK3gHUMZgA%3D%3D&position=21&pageNum=0&trk=public_jobs_jserp-result_search-card,4 months ago,"Government  College University, Faisalabad",https://pk.linkedin.com/company/govt.-college-university-faisalabad?trk=public_jobs_jserp-result_job-search-card-subtitle,"Faisalabad, Punjab, Pakistan"
Position Vacant in the Department Mathematics under Higher Education Commission Project No.                                                  21-2503/SRGP/R&D/HEC/2019,https://pk.linkedin.com/jobs/view/position-vacant-in-the-department-mathematics-under-higher-education-commission-project-no-21-2503-srgp-r-d-hec-2019-at-government-college-university-faisalabad-3678469747?refId=BqsXRrSopXmgmqInI34qQA%3D%3D&trackingId=7xDRo8y57CQq%2Fdn%2FA5VnRw%3D%3D&position=22&pageNum=0&trk=public_jobs_jserp-result_search-card,2 months ago,"Government  College University, Faisalabad",https://pk.linkedin.com/company/govt.-college-university-faisalabad?trk=public_jobs_jserp-result_job-search-card-subtitle,"Faisalabad, Punjab, Pakistan"
Sales Associate Karachi,https://pk.linkedin.com/jobs/view/sales-associate-karachi-at-nestl%C3%A9-3709470778?refId=BqsXRrSopXmgmqInI34qQA%3D%3D&trackingId=mSdH4imhJPFmYoB7gGSsvw%3D%3D&position=23&pageNum=0&trk=public_jobs_jserp-result_search-card,2 weeks ago,Nestlé,https://ch.linkedin.com/company/nestle-s-a-?trk=public_jobs_jserp-result_job-search-card-subtitle,"Karāchi, Sindh, Pakistan"
Technical Support Specialist,https://pk.linkedin.com/jobs/view/technical-support-specialist-at-inbox-business-technologies-3605446393?refId=BqsXRrSopXmgmqInI34qQA%3D%3D&trackingId=aP1%2Fee%2B34YYbIgnmoCQogw%3D%3D&position=24&pageNum=0&trk=public_jobs_jserp-result_search-card,5 months ago,Inbox Business Technologies,https://pk.linkedin.com/company/inbox-business-technologies?trk=public_jobs_jserp-result_job-search-card-subtitle,"Karāchi, Sindh, Pakistan"
Positions Vacant at Department of Botany under Higher Education Commission project no 9811/Punjab/NRPU/R&D/HEC/2017,https://pk.linkedin.com/jobs/view/positions-vacant-at-department-of-botany-under-higher-education-commission-project-no-9811-punjab-nrpu-r-d-hec-2017-at-government-college-university-faisalabad-3557114543?refId=BqsXRrSopXmgmqInI34qQA%3D%3D&trackingId=GYfAvLecQrDAdHEkLKSCXQ%3D%3D&position=25&pageNum=0&trk=public_jobs_jserp-result_search-card,6 months ago,"Government  College University, Faisalabad",https://pk.linkedin.com/company/govt.-college-university-faisalabad?trk=public_jobs_jserp-result_job-search-card-subtitle,"Faisalabad, Punjab, Pakistan"
Growth Analyst,https://pk.linkedin.com/jobs/view/growth-analyst-at-jeeny-3712646390?refId=Kb8TFQ7Di1fl1hu6Y7vo2A%3D%3D&trackingId=qYkQYuHPjRrPP2ADIuD6uw%3D%3D&position=1&pageNum=1&trk=public_jobs_jserp-result_search-card,2 weeks ago,Jeeny,https://sa.linkedin.com/company/jeenyme?trk=public_jobs_jserp-result_job-search-card-subtitle,"Karāchi, Sindh, Pakistan"
Technical Support Officer,https://pk.linkedin.com/jobs/view/technical-support-officer-at-inbox-business-technologies-3684769819?refId=Kb8TFQ7Di1fl1hu6Y7vo2A%3D%3D&trackingId=VPx8E3qscCS9XvqeI53OCw%3D%3D&position=2&pageNum=1&trk=public_jobs_jserp-result_search-card,1 month ago,Inbox Business Technologies,https://pk.linkedin.com/company/inbox-business-technologies?trk=public_jobs_jserp-result_job-search-card-subtitle,"Karāchi, Sindh, Pakistan"
Business Development Executive - Karachi,https://pk.linkedin.com/jobs/view/business-development-executive-karachi-at-pakwheels-com-3625997122?refId=Kb8TFQ7Di1fl1hu6Y7vo2A%3D%3D&trackingId=1WkbbFhLDlMFIQ4V4Ge%2B5w%3D%3D&position=3&pageNum=1&trk=public_jobs_jserp-result_search-card,4 months ago,PakWheels.com,https://pk.linkedin.com/company/pakwheels?trk=public_jobs_jserp-result_job-search-card-subtitle,"Karāchi, Sindh, Pakistan"
Shift Incharge,https://pk.linkedin.com/jobs/view/shift-incharge-at-k-electric-3675433948?refId=Kb8TFQ7Di1fl1hu6Y7vo2A%3D%3D&trackingId=dP%2BZNo1%2FpyWYH3A5ZwYANA%3D%3D&position=4&pageNum=1&trk=public_jobs_jserp-result_search-card,2 months ago,K-Electric,https://pk.linkedin.com/company/kelectricpk?trk=public_jobs_jserp-result_job-search-card-subtitle,"Karāchi, Sindh, Pakistan"
nurse - T.o clinic,https://pk.linkedin.com/jobs/view/nurse-t-o-clinic-at-talent-pal-3725189057?refId=Kb8TFQ7Di1fl1hu6Y7vo2A%3D%3D&trackingId=sR8ZbrePELCT%2BZjYruGBrA%3D%3D&position=5&pageNum=1&trk=public_jobs_jserp-result_search-card,3 days ago,Talent Pal,https://pk.linkedin.com/company/talent-pal?trk=public_jobs_jserp-result_job-search-card-subtitle,"Karāchi, Sindh, Pakistan"
GYNAE OPD INCHARGE - BHY HOSPITAL,https://pk.linkedin.com/jobs/view/gynae-opd-incharge-bhy-hospital-at-talent-pal-3725188104?refId=Kb8TFQ7Di1fl1hu6Y7vo2A%3D%3D&trackingId=iw6pwtHPGSuWKqDSMpmGrg%3D%3D&position=6&pageNum=1&trk=public_jobs_jserp-result_search-card,3 days ago,Talent Pal,https://pk.linkedin.com/company/talent-pal?trk=public_jobs_jserp-result_job-search-card-subtitle,"Karāchi, Sindh, Pakistan"
Customer Support Executive - Arabic,https://pk.linkedin.com/jobs/view/customer-support-executive-arabic-at-snoonu-3725919287?refId=Kb8TFQ7Di1fl1hu6Y7vo2A%3D%3D&trackingId=VANkw%2BF4Lj3nhhFxMvtBgQ%3D%3D&position=7&pageNum=1&trk=public_jobs_jserp-result_search-card,2 days ago,Snoonu,https://qa.linkedin.com/company/snoonu-qatar?trk=public_jobs_jserp-result_job-search-card-subtitle,"Karāchi, Sindh, Pakistan"
Pashto VRI/OPI Interpretation Vacancy (Karachi),https://pk.linkedin.com/jobs/view/pashto-vri-opi-interpretation-vacancy-karachi-at-kalamcx-3598177879?refId=Kb8TFQ7Di1fl1hu6Y7vo2A%3D%3D&trackingId=7z0poBtbBpZWQp32VG4kVg%3D%3D&position=8&pageNum=1&trk=public_jobs_jserp-result_search-card,4 months ago,Kalamcx,https://ae.linkedin.com/company/kalamcx?trk=public_jobs_jserp-result_job-search-card-subtitle,"Karāchi, Sindh, Pakistan"
Cashier (Checkout),https://pk.linkedin.com/jobs/view/cashier-checkout-at-human-resource-solutions-international-hrsi-3714634203?refId=Kb8TFQ7Di1fl1hu6Y7vo2A%3D%3D&trackingId=MIJIjshcuk5eX70AIT812g%3D%3D&position=9&pageNum=1&trk=public_jobs_jserp-result_search-card,1 week ago,Human Resource Solutions International - HRSI,https://pk.linkedin.com/company/hrsi?trk=public_jobs_jserp-result_job-search-card-subtitle,"Karāchi, Sindh, Pakistan"
Strategy Analyst,https://pk.linkedin.com/jobs/view/strategy-analyst-at-dastgyr-3680792811?refId=Kb8TFQ7Di1fl1hu6Y7vo2A%3D%3D&trackingId=Kc6Pmqer4MPHx64%2BF44t4A%3D%3D&position=10&pageNum=1&trk=public_jobs_jserp-result_search-card,1 month ago,Dastgyr,https://ae.linkedin.com/company/dastgyr?trk=public_jobs_jserp-result_job-search-card-subtitle,"Karachi Division, Sindh, Pakistan"
Curriculum Development Specialist - English,https://pk.linkedin.com/jobs/view/curriculum-development-specialist-english-at-the-citizens-foundation-3581391655?refId=Kb8TFQ7Di1fl1hu6Y7vo2A%3D%3D&trackingId=MoIe5C%2FkEU4VRYk6n1KH4w%3D%3D&position=11&pageNum=1&trk=public_jobs_jserp-result_search-card,5 months ago,The Citizens Foundation,https://pk.linkedin.com/company/the-citizens-foundation?trk=public_jobs_jserp-result_job-search-card-subtitle,"Karāchi, Sindh, Pakistan"
Data Lead,https://pk.linkedin.com/jobs/view/data-lead-at-dastgyr-3706314454?refId=Kb8TFQ7Di1fl1hu6Y7vo2A%3D%3D&trackingId=C%2BmZudPRLUPQIdVz75vwSA%3D%3D&position=12&pageNum=1&trk=public_jobs_jserp-result_search-card,3 weeks ago,Dastgyr,https://ae.linkedin.com/company/dastgyr?trk=public_jobs_jserp-result_job-search-card-subtitle,"Karachi Division, Sindh, Pakistan"
Key Account Associate,https://pk.linkedin.com/jobs/view/key-account-associate-at-dastgyr-3674678509?refId=Kb8TFQ7Di1fl1hu6Y7vo2A%3D%3D&trackingId=q9g%2FZhjakgj%2FlAZ5ha%2BP5g%3D%3D&position=13&pageNum=1&trk=public_jobs_jserp-result_search-card,2 months ago,Dastgyr,https://ae.linkedin.com/company/dastgyr?trk=public_jobs_jserp-result_job-search-card-subtitle,"Karachi Division, Sindh, Pakistan"
Consultant,https://pk.linkedin.com/jobs/view/consultant-at-the-indus-hospital-3722437284?refId=Kb8TFQ7Di1fl1hu6Y7vo2A%3D%3D&trackingId=OTc1tap2O4lu35Z3OAZ1sQ%3D%3D&position=14&pageNum=1&trk=public_jobs_jserp-result_search-card,21 hours ago,The Indus Hospital,https://pk.linkedin.com/company/indus-hospital-health-network?trk=public_jobs_jserp-result_job-search-card-subtitle,"Karachi Division, Sindh, Pakistan"
Technical Support Specialist,https://pk.linkedin.com/jobs/view/technical-support-specialist-at-inbox-business-technologies-3605446393?refId=Kb8TFQ7Di1fl1hu6Y7vo2A%3D%3D&trackingId=ulD6Sy%2FEo7I7sx25mene%2FQ%3D%3D&position=15&pageNum=1&trk=public_jobs_jserp-result_search-card,5 months ago,Inbox Business Technologies,https://pk.linkedin.com/company/inbox-business-technologies?trk=public_jobs_jserp-result_job-search-card-subtitle,"Karāchi, Sindh, Pakistan"
Finance Manager,https://pk.linkedin.com/jobs/view/finance-manager-at-procter-gamble-3656179974?refId=Kb8TFQ7Di1fl1hu6Y7vo2A%3D%3D&trackingId=ThahPws7hGq%2Bvmu9yf%2Fdkw%3D%3D&position=16&pageNum=1&trk=public_jobs_jserp-result_search-card,1 month ago,Procter & Gamble,https://www.linkedin.com/company/procter-and-gamble?trk=public_jobs_jserp-result_job-search-card-subtitle,"Karāchi, Sindh, Pakistan"
Human Resources Executive,https://pk.linkedin.com/jobs/view/human-resources-executive-at-ms-pakistan-3619480327?refId=Kb8TFQ7Di1fl1hu6Y7vo2A%3D%3D&trackingId=OY3afNgZdyEyQsqDmb1PZQ%3D%3D&position=17&pageNum=1&trk=public_jobs_jserp-result_search-card,3 months ago,MS Pakistan,https://pk.linkedin.com/company/mspakistanofficial?trk=public_jobs_jserp-result_job-search-card-subtitle,"Karāchi, Sindh, Pakistan"
Supply Network Operations Manager,https://pk.linkedin.com/jobs/view/supply-network-operations-manager-at-procter-gamble-3669241684?refId=Kb8TFQ7Di1fl1hu6Y7vo2A%3D%3D&trackingId=i9VBkqm7QqNJLD23bGbFLA%3D%3D&position=18&pageNum=1&trk=public_jobs_jserp-result_search-card,2 weeks ago,Procter & Gamble,https://www.linkedin.com/company/procter-and-gamble?trk=public_jobs_jserp-result_job-search-card-subtitle,"Karāchi, Sindh, Pakistan"
Know Your Client (KYC) Operato,https://pk.linkedin.com/jobs/view/know-your-client-kyc-operato-at-deutsche-bank-3670884467?refId=Kb8TFQ7Di1fl1hu6Y7vo2A%3D%3D&trackingId=R%2F%2BVc7AHeanDZBKRrzOOBA%3D%3D&position=19&pageNum=1&trk=public_jobs_jserp-result_search-card,2 months ago,Deutsche Bank,https://de.linkedin.com/company/deutsche-bank?trk=public_jobs_jserp-result_job-search-card-subtitle,"Karāchi, Sindh, Pakistan"
Accounting Associate,https://pk.linkedin.com/jobs/view/accounting-associate-at-retailo-technologies-3590241918?refId=Kb8TFQ7Di1fl1hu6Y7vo2A%3D%3D&trackingId=l6PZ08pgTHjQ5sHUQtWzug%3D%3D&position=20&pageNum=1&trk=public_jobs_jserp-result_search-card,5 months ago,Retailo Technologies,https://sa.linkedin.com/company/retailo-app?trk=public_jobs_jserp-result_job-search-card-subtitle,"Karāchi, Sindh, Pakistan"
Office Assistant,https://pk.linkedin.com/jobs/view/office-assistant-at-human-resource-solutions-international-hrsi-3722174120?refId=Kb8TFQ7Di1fl1hu6Y7vo2A%3D%3D&trackingId=YffCnurwEp5uqSPm9rhrew%3D%3D&position=21&pageNum=1&trk=public_jobs_jserp-result_search-card,5 days ago,Human Resource Solutions International - HRSI,https://pk.linkedin.com/company/hrsi?trk=public_jobs_jserp-result_job-search-card-subtitle,"Karāchi, Sindh, Pakistan"
Customer Support Specialist - 0091 - KHI,https://pk.linkedin.com/jobs/view/customer-support-specialist-0091-khi-at-bionic-talent-3680980401?refId=Kb8TFQ7Di1fl1hu6Y7vo2A%3D%3D&trackingId=C4CzrnE68bps3wpP6tlrxQ%3D%3D&position=22&pageNum=1&trk=public_jobs_jserp-result_search-card,1 month ago,Bionic Talent,https://www.linkedin.com/company/bionic-talent?trk=public_jobs_jserp-result_job-search-card-subtitle,"Karāchi, Sindh, Pakistan"
Project Manager / Operations Lead,https://pk.linkedin.com/jobs/view/project-manager-operations-lead-at-assembly-industries-3717769589?refId=Kb8TFQ7Di1fl1hu6Y7vo2A%3D%3D&trackingId=9%2Fe5P7t5NKuCeJsPYSnOcg%3D%3D&position=23&pageNum=1&trk=public_jobs_jserp-result_search-card,1 week ago,Assembly Industries,https://pk.linkedin.com/company/hire-assembly-industries?trk=public_jobs_jserp-result_job-search-card-subtitle,"Karāchi, Sindh, Pakistan"
Nurse - Karachi - 3D LifeStyle,https://pk.linkedin.com/jobs/view/nurse-karachi-3d-lifestyle-at-talent-pal-3725188075?refId=Kb8TFQ7Di1fl1hu6Y7vo2A%3D%3D&trackingId=wkoKxtBtyze5TC47qY7CbA%3D%3D&position=24&pageNum=1&trk=public_jobs_jserp-result_search-card,3 days ago,Talent Pal,https://pk.linkedin.com/company/talent-pal?trk=public_jobs_jserp-result_job-search-card-subtitle,"Karāchi, Sindh, Pakistan"
Bulk Sales Associate,https://pk.linkedin.com/jobs/view/bulk-sales-associate-at-dastgyr-3709605063?refId=Kb8TFQ7Di1fl1hu6Y7vo2A%3D%3D&trackingId=14bsj5F0ioMFclyAbPRrog%3D%3D&position=25&pageNum=1&trk=public_jobs_jserp-result_search-card,2 weeks ago,Dastgyr,https://ae.linkedin.com/company/dastgyr?trk=public_jobs_jserp-result_job-search-card-subtitle,"Karachi Division, Sindh, Pakistan"
Carbonteq Future Hires,https://pk.linkedin.com/jobs/view/carbonteq-future-hires-at-carbonteq-3667210646?refId=51lyxZATkIhHw%2F2MYn507w%3D%3D&trackingId=2m5XfAXS2rS7%2BNQyrTUFpQ%3D%3D&position=1&pageNum=2&trk=public_jobs_jserp-result_search-card,3 months ago,CarbonTeq,https://pk.linkedin.com/company/carbonteq?trk=public_jobs_jserp-result_job-search-card-subtitle,"Lahore, Punjab, Pakistan"
Product Ops Analyst,https://pk.linkedin.com/jobs/view/product-ops-analyst-at-dastgyr-3714126273?refId=51lyxZATkIhHw%2F2MYn507w%3D%3D&trackingId=YJzrug9c4QT31JNj1%2BFLRA%3D%3D&position=2&pageNum=2&trk=public_jobs_jserp-result_search-card,1 month ago,Dastgyr,https://ae.linkedin.com/company/dastgyr?trk=public_jobs_jserp-result_job-search-card-subtitle,"Karachi Division, Sindh, Pakistan"
General Manager (KHOJ Resorts),https://pk.linkedin.com/jobs/view/general-manager-khoj-resorts-at-convo-com-3714469882?refId=51lyxZATkIhHw%2F2MYn507w%3D%3D&trackingId=z95L1L0B%2BhLEfsOQSoI3qg%3D%3D&position=3&pageNum=2&trk=public_jobs_jserp-result_search-card,1 week ago,Convo.com,https://www.linkedin.com/company/convocorp?trk=public_jobs_jserp-result_job-search-card-subtitle,"Gilgit-Baltistan, Pakistan"
Research Assistant Institute of Home and Food Sciences,https://pk.linkedin.com/jobs/view/research-assistant-institute-of-home-and-food-sciences-at-government-college-university-faisalabad-3682942630?refId=51lyxZATkIhHw%2F2MYn507w%3D%3D&trackingId=qhmuPASgz1CRaFGK0xmGKw%3D%3D&position=4&pageNum=2&trk=public_jobs_jserp-result_search-card,2 months ago,"Government  College University, Faisalabad",https://pk.linkedin.com/company/govt.-college-university-faisalabad?trk=public_jobs_jserp-result_job-search-card-subtitle,"Faisalabad, Punjab, Pakistan"
Finance Executive,https://pk.linkedin.com/jobs/view/finance-executive-at-byte-yc-s20-3625991316?refId=51lyxZATkIhHw%2F2MYn507w%3D%3D&trackingId=a3GiXEvFnHHF9NiH7Z5HWQ%3D%3D&position=5&pageNum=2&trk=public_jobs_jserp-result_search-card,3 months ago,Byte (YC S20),https://pk.linkedin.com/company/byte-app?trk=public_jobs_jserp-result_job-search-card-subtitle,"Lahore, Punjab, Pakistan"
Research Assistant Bioinformatics and Biotechnology,https://pk.linkedin.com/jobs/view/research-assistant-bioinformatics-and-biotechnology-at-government-college-university-faisalabad-3683517686?refId=51lyxZATkIhHw%2F2MYn507w%3D%3D&trackingId=NMmctRFIBO%2B0ffoaKrc7GA%3D%3D&position=6&pageNum=2&trk=public_jobs_jserp-result_search-card,2 months ago,"Government  College University, Faisalabad",https://pk.linkedin.com/company/govt.-college-university-faisalabad?trk=public_jobs_jserp-result_job-search-card-subtitle,"Faisalabad, Punjab, Pakistan"
Daily Wages (DPL) Staff for Hostels,https://pk.linkedin.com/jobs/view/daily-wages-dpl-staff-for-hostels-at-government-college-university-faisalabad-3557114139?refId=51lyxZATkIhHw%2F2MYn507w%3D%3D&trackingId=VSogCiEfOBx9UDTzkdhfUA%3D%3D&position=7&pageNum=2&trk=public_jobs_jserp-result_search-card,6 months ago,"Government  College University, Faisalabad",https://pk.linkedin.com/company/govt.-college-university-faisalabad?trk=public_jobs_jserp-result_job-search-card-subtitle,"Faisalabad, Punjab, Pakistan"
Research Associate Environmental Science & Engineering Project No. 5634/Punjab/NRPU/R&D/2016,https://pk.linkedin.com/jobs/view/research-associate-environmental-science-engineering-project-no-5634-punjab-nrpu-r-d-2016-at-government-college-university-faisalabad-3665317336?refId=51lyxZATkIhHw%2F2MYn507w%3D%3D&trackingId=0lHjNtq%2BdyWmnx7NzFS0Xg%3D%3D&position=8&pageNum=2&trk=public_jobs_jserp-result_search-card,3 months ago,"Government  College University, Faisalabad",https://pk.linkedin.com/company/govt.-college-university-faisalabad?trk=public_jobs_jserp-result_job-search-card-subtitle,"Faisalabad, Punjab, Pakistan"
Data Scientist,https://pk.linkedin.com/jobs/view/data-scientist-at-leverify-3725075559?refId=51lyxZATkIhHw%2F2MYn507w%3D%3D&trackingId=S3yL2vIRs6ZL32YJRbmu2g%3D%3D&position=9&pageNum=2&trk=public_jobs_jserp-result_search-card,4 days ago,Leverify,https://www.linkedin.com/company/leverifyllc?trk=public_jobs_jserp-result_job-search-card-subtitle,"Islamabad, Islāmābād, Pakistan"
Team Lead - Accounts and Finance,https://pk.linkedin.com/jobs/view/team-lead-accounts-and-finance-at-leverify-3725848580?refId=51lyxZATkIhHw%2F2MYn507w%3D%3D&trackingId=wk1tcsmW6FUUVzUfBV8F2g%3D%3D&position=10&pageNum=2&trk=public_jobs_jserp-result_search-card,3 weeks ago,Leverify,https://www.linkedin.com/company/leverifyllc?trk=public_jobs_jserp-result_job-search-card-subtitle,Pakistan
Car Technician - Faisalabad,https://pk.linkedin.com/jobs/view/car-technician-faisalabad-at-pakwheels-com-3625993676?refId=51lyxZATkIhHw%2F2MYn507w%3D%3D&trackingId=5L4gcicFT7XmWw7dKBxDZg%3D%3D&position=11&pageNum=2&trk=public_jobs_jserp-result_search-card,4 months ago,PakWheels.com,https://pk.linkedin.com/company/pakwheels?trk=public_jobs_jserp-result_job-search-card-subtitle,"Faisalabad, Punjab, Pakistan"
"Territory Executive Mianwali (Essa Khail, Kala Bagh, Kamar Mishani, Kundian, Mianwali, Piplan, Qaid)",https://pk.linkedin.com/jobs/view/territory-executive-mianwali-essa-khail-kala-bagh-kamar-mishani-kundian-mianwali-piplan-qaid-at-nestl%C3%A9-3708207340?refId=51lyxZATkIhHw%2F2MYn507w%3D%3D&trackingId=4U1qx8XFWFbZDhBSe0uYxw%3D%3D&position=12&pageNum=2&trk=public_jobs_jserp-result_search-card,3 weeks ago,Nestlé,https://ch.linkedin.com/company/nestle-s-a-?trk=public_jobs_jserp-result_job-search-card-subtitle,"Piplan, Punjab, Pakistan"
Position Vacant: Department of Food Science,https://pk.linkedin.com/jobs/view/position-vacant-department-of-food-science-at-government-college-university-faisalabad-3637105713?refId=51lyxZATkIhHw%2F2MYn507w%3D%3D&trackingId=3O3cA5%2FdEmeBEFXZ%2Fu8SDg%3D%3D&position=13&pageNum=2&trk=public_jobs_jserp-result_search-card,4 months ago,"Government  College University, Faisalabad",https://pk.linkedin.com/company/govt.-college-university-faisalabad?trk=public_jobs_jserp-result_job-search-card-subtitle,"Faisalabad, Punjab, Pakistan"
MTO - Finance,https://pk.linkedin.com/jobs/view/mto-finance-at-premier-sales-private-limited-3698191020?refId=51lyxZATkIhHw%2F2MYn507w%3D%3D&trackingId=ZzhZ1GqnuDHZbJSjPXPVqA%3D%3D&position=14&pageNum=2&trk=public_jobs_jserp-result_search-card,1 month ago,Premier Sales Private Limited,https://pk.linkedin.com/company/premier-group-pakistan?trk=public_jobs_jserp-result_job-search-card-subtitle,"Karachi Division, Sindh, Pakistan"
Warehouse Assistant / RO Plant Operator,https://pk.linkedin.com/jobs/view/warehouse-assistant-ro-plant-operator-at-human-resource-solutions-international-hrsi-3714631630?refId=51lyxZATkIhHw%2F2MYn507w%3D%3D&trackingId=eEVQgyzGrkGsG%2Bdw%2F%2BIjnw%3D%3D&position=15&pageNum=2&trk=public_jobs_jserp-result_search-card,1 week ago,Human Resource Solutions International - HRSI,https://pk.linkedin.com/company/hrsi?trk=public_jobs_jserp-result_job-search-card-subtitle,"Quetta, Baluchistan, Pakistan"
Research Assistant Environmental Sciences (NRPU 5637),https://pk.linkedin.com/jobs/view/research-assistant-environmental-sciences-nrpu-5637-at-government-college-university-faisalabad-3636790662?refId=51lyxZATkIhHw%2F2MYn507w%3D%3D&trackingId=G239CUSE48YlCo7iwQD%2BBw%3D%3D&position=16&pageNum=2&trk=public_jobs_jserp-result_search-card,4 months ago,"Government  College University, Faisalabad",https://pk.linkedin.com/company/govt.-college-university-faisalabad?trk=public_jobs_jserp-result_job-search-card-subtitle,"Faisalabad, Punjab, Pakistan"
Research Assistant Bioinformatics and Biotechnology,https://pk.linkedin.com/jobs/view/research-assistant-bioinformatics-and-biotechnology-at-government-college-university-faisalabad-3557115413?refId=51lyxZATkIhHw%2F2MYn507w%3D%3D&trackingId=u0vLPpA%2FDN%2F7nNIVz9rXeA%3D%3D&position=17&pageNum=2&trk=public_jobs_jserp-result_search-card,6 months ago,"Government  College University, Faisalabad",https://pk.linkedin.com/company/govt.-college-university-faisalabad?trk=public_jobs_jserp-result_job-search-card-subtitle,"Faisalabad, Punjab, Pakistan"
Advertisement for the appointment for the position of Research Assistant in Department of  Chemistry,https://pk.linkedin.com/jobs/view/advertisement-for-the-appointment-for-the-position-of-research-assistant-in-department-of-chemistry-at-government-college-university-faisalabad-3715866187?refId=51lyxZATkIhHw%2F2MYn507w%3D%3D&trackingId=qb5W5yjX2uZSiFgUBBUOVg%3D%3D&position=18&pageNum=2&trk=public_jobs_jserp-result_search-card,6 days ago,"Government  College University, Faisalabad",https://pk.linkedin.com/company/govt.-college-university-faisalabad?trk=public_jobs_jserp-result_job-search-card-subtitle,"Faisalabad, Punjab, Pakistan"
Car Technician - Islamabad,https://pk.linkedin.com/jobs/view/car-technician-islamabad-at-pakwheels-com-3625992901?refId=51lyxZATkIhHw%2F2MYn507w%3D%3D&trackingId=oH17LJiUMIZwvIMbgI8L7Q%3D%3D&position=19&pageNum=2&trk=public_jobs_jserp-result_search-card,4 months ago,PakWheels.com,https://pk.linkedin.com/company/pakwheels?trk=public_jobs_jserp-result_job-search-card-subtitle,"Rawalpindi, Punjab, Pakistan"
Car Technician - Multan,https://pk.linkedin.com/jobs/view/car-technician-multan-at-pakwheels-com-3625994478?refId=51lyxZATkIhHw%2F2MYn507w%3D%3D&trackingId=sekkI2JPhH4%2FKKKJDRMR6Q%3D%3D&position=20&pageNum=2&trk=public_jobs_jserp-result_search-card,4 months ago,PakWheels.com,https://pk.linkedin.com/company/pakwheels?trk=public_jobs_jserp-result_job-search-card-subtitle,"Multan, Punjab, Pakistan"
Officer ( Billing),https://pk.linkedin.com/jobs/view/officer-billing-at-the-indus-hospital-3712186111?refId=51lyxZATkIhHw%2F2MYn507w%3D%3D&trackingId=sgDDaqfYQ%2BHHeW8WyulzLw%3D%3D&position=21&pageNum=2&trk=public_jobs_jserp-result_search-card,1 week ago,The Indus Hospital,https://pk.linkedin.com/company/indus-hospital-health-network?trk=public_jobs_jserp-result_job-search-card-subtitle,"Multan, Punjab, Pakistan"
Positions Vacant at Department of Botany under Higher Education Commission project no 9811/Punjab/NRPU/R&D/HEC/2017,https://pk.linkedin.com/jobs/view/positions-vacant-at-department-of-botany-under-higher-education-commission-project-no-9811-punjab-nrpu-r-d-hec-2017-at-government-college-university-faisalabad-3557114543?refId=51lyxZATkIhHw%2F2MYn507w%3D%3D&trackingId=qLzBIOWzWvZLIPRH1Yl5sA%3D%3D&position=22&pageNum=2&trk=public_jobs_jserp-result_search-card,6 months ago,"Government  College University, Faisalabad",https://pk.linkedin.com/company/govt.-college-university-faisalabad?trk=public_jobs_jserp-result_job-search-card-subtitle,"Faisalabad, Punjab, Pakistan"
Research Assistant Department of Food Science,https://pk.linkedin.com/jobs/view/research-assistant-department-of-food-science-at-government-college-university-faisalabad-3557112617?refId=51lyxZATkIhHw%2F2MYn507w%3D%3D&trackingId=Wa7goupDadd6wLKtd8xuHA%3D%3D&position=23&pageNum=2&trk=public_jobs_jserp-result_search-card,6 months ago,"Government  College University, Faisalabad",https://pk.linkedin.com/company/govt.-college-university-faisalabad?trk=public_jobs_jserp-result_job-search-card-subtitle,"Faisalabad, Punjab, Pakistan"
Research Associate Environmental Science & Engineering Project No. 5637/Punjab/NRPU/R&D/2016,https://pk.linkedin.com/jobs/view/research-associate-environmental-science-engineering-project-no-5637-punjab-nrpu-r-d-2016-at-government-college-university-faisalabad-3665316475?refId=51lyxZATkIhHw%2F2MYn507w%3D%3D&trackingId=quTFDfKqtFrf2yMtD7DJmw%3D%3D&position=24&pageNum=2&trk=public_jobs_jserp-result_search-card,3 months ago,"Government  College University, Faisalabad",https://pk.linkedin.com/company/govt.-college-university-faisalabad?trk=public_jobs_jserp-result_job-search-card-subtitle,"Faisalabad, Punjab, Pakistan"
Warehouse Assistant/ Coordinator,https://pk.linkedin.com/jobs/view/warehouse-assistant-coordinator-at-human-resource-solutions-international-hrsi-3707383289?refId=51lyxZATkIhHw%2F2MYn507w%3D%3D&trackingId=DimSDhutztfd8l9E8FuxvQ%3D%3D&position=25&pageNum=2&trk=public_jobs_jserp-result_search-card,3 weeks ago,Human Resource Solutions International - HRSI,https://pk.linkedin.com/company/hrsi?trk=public_jobs_jserp-result_job-search-card-subtitle,"Karāchi, Sindh, Pakistan"
Executive Secretary,https://pk.linkedin.com/jobs/view/executive-secretary-at-human-resource-solutions-international-hrsi-3687069562?refId=AyVdpN3doJh2RVRjZjEJsA%3D%3D&trackingId=qGSPSPyp8n9eBcRG8TOaoQ%3D%3D&position=1&pageNum=3&trk=public_jobs_jserp-result_search-card,1 month ago,Human Resource Solutions International - HRSI,https://pk.linkedin.com/company/hrsi?trk=public_jobs_jserp-result_job-search-card-subtitle,"Karāchi, Sindh, Pakistan"
Business Development- EedenBull,https://pk.linkedin.com/jobs/view/business-development-eedenbull-at-paytech-group-3712624082?refId=AyVdpN3doJh2RVRjZjEJsA%3D%3D&trackingId=8FONK0jYkjhq%2FjNfhZMjnQ%3D%3D&position=2&pageNum=3&trk=public_jobs_jserp-result_search-card,2 weeks ago,PayTech Group,https://uk.linkedin.com/company/paytech-consulting?trk=public_jobs_jserp-result_job-search-card-subtitle,"Karāchi, Sindh, Pakistan"
Digital Marketing Manager (Night Shift),https://pk.linkedin.com/jobs/view/digital-marketing-manager-night-shift-at-dymentions-pakistan-3710189777?refId=AyVdpN3doJh2RVRjZjEJsA%3D%3D&trackingId=WuQkG8lLUX0QEScDcpxFeg%3D%3D&position=3&pageNum=3&trk=public_jobs_jserp-result_search-card,3 weeks ago,Dymentions Pakistan,https://pk.linkedin.com/company/dymitsol?trk=public_jobs_jserp-result_job-search-card-subtitle,"Karachi Division, Sindh, Pakistan"
Senior HR Executive,https://pk.linkedin.com/jobs/view/senior-hr-executive-at-gaditek-3609140996?refId=AyVdpN3doJh2RVRjZjEJsA%3D%3D&trackingId=Nzf9W7FNH0r0CNtn0e7R7g%3D%3D&position=4&pageNum=3&trk=public_jobs_jserp-result_search-card,4 months ago,Gaditek,https://pk.linkedin.com/company/gaditek?trk=public_jobs_jserp-result_job-search-card-subtitle,"Karāchi, Sindh, Pakistan"
Team Lead- IT Service desk,https://pk.linkedin.com/jobs/view/team-lead-it-service-desk-at-inbox-business-technologies-3590329057?refId=AyVdpN3doJh2RVRjZjEJsA%3D%3D&trackingId=hSYP8o2ZqaaEoDo4C7TqVQ%3D%3D&position=5&pageNum=3&trk=public_jobs_jserp-result_search-card,5 months ago,Inbox Business Technologies,https://pk.linkedin.com/company/inbox-business-technologies?trk=public_jobs_jserp-result_job-search-card-subtitle,"Karāchi, Sindh, Pakistan"
NodeJS Developer,https://pk.linkedin.com/jobs/view/nodejs-developer-at-krank-3688397743?refId=AyVdpN3doJh2RVRjZjEJsA%3D%3D&trackingId=M3898ofzDPcC1d7V%2BO7Apg%3D%3D&position=6&pageNum=3&trk=public_jobs_jserp-result_search-card,1 month ago,Krank,https://uk.linkedin.com/company/krank-limited?trk=public_jobs_jserp-result_job-search-card-subtitle,"Karachi Division, Sindh, Pakistan"
Senior Engineering Manager,https://pk.linkedin.com/jobs/view/senior-engineering-manager-at-dastgyr-3706319072?refId=AyVdpN3doJh2RVRjZjEJsA%3D%3D&trackingId=BdtIqNMr0gdBk0L9bxnrpg%3D%3D&position=7&pageNum=3&trk=public_jobs_jserp-result_search-card,3 weeks ago,Dastgyr,https://ae.linkedin.com/company/dastgyr?trk=public_jobs_jserp-result_job-search-card-subtitle,"Karachi Division, Sindh, Pakistan"
People Advisor,https://pk.linkedin.com/jobs/view/people-advisor-at-a-p-moller-maersk-3724761861?refId=AyVdpN3doJh2RVRjZjEJsA%3D%3D&trackingId=FClyayTeVLWKPeePp3BZ2A%3D%3D&position=8&pageNum=3&trk=public_jobs_jserp-result_search-card,23 minutes ago,A.P. Moller - Maersk,https://dk.linkedin.com/company/maersk-group?trk=public_jobs_jserp-result_job-search-card-subtitle,"Karāchi, Sindh, Pakistan"
HR recruitment Consultant,https://pk.linkedin.com/jobs/view/hr-recruitment-consultant-at-human-resource-solutions-international-hrsi-3694209867?refId=AyVdpN3doJh2RVRjZjEJsA%3D%3D&trackingId=eFDZRPtkx4XzqvtboQH3xQ%3D%3D&position=9&pageNum=3&trk=public_jobs_jserp-result_search-card,1 month ago,Human Resource Solutions International - HRSI,https://pk.linkedin.com/company/hrsi?trk=public_jobs_jserp-result_job-search-card-subtitle,"Karāchi, Sindh, Pakistan"
Audit Officer,https://pk.linkedin.com/jobs/view/audit-officer-at-premier-sales-private-limited-3683014433?refId=AyVdpN3doJh2RVRjZjEJsA%3D%3D&trackingId=%2BMT7BnP8mxtUOC2K9Si7uQ%3D%3D&position=10&pageNum=3&trk=public_jobs_jserp-result_search-card,1 month ago,Premier Sales Private Limited,https://pk.linkedin.com/company/premier-group-pakistan?trk=public_jobs_jserp-result_job-search-card-subtitle,"Karachi Division, Sindh, Pakistan"
MEL Officer  Females,https://pk.linkedin.com/jobs/view/mel-officer-females-at-human-resource-solutions-international-hrsi-3715664486?refId=AyVdpN3doJh2RVRjZjEJsA%3D%3D&trackingId=q35H99xqugxtOUDMMnHpWA%3D%3D&position=11&pageNum=3&trk=public_jobs_jserp-result_search-card,1 week ago,Human Resource Solutions International - HRSI,https://pk.linkedin.com/company/hrsi?trk=public_jobs_jserp-result_job-search-card-subtitle,"Karāchi, Sindh, Pakistan"
Data Analyst,https://pk.linkedin.com/jobs/view/data-analyst-at-the-citizens-foundation-3591508783?refId=AyVdpN3doJh2RVRjZjEJsA%3D%3D&trackingId=gzvDdC95RAJbMHlQjR%2FkJw%3D%3D&position=12&pageNum=3&trk=public_jobs_jserp-result_search-card,4 months ago,The Citizens Foundation,https://pk.linkedin.com/company/the-citizens-foundation?trk=public_jobs_jserp-result_job-search-card-subtitle,"Karachi Division, Sindh, Pakistan"
