jcompany,jdescription,jlocation,jpublish,jsalary,jtitle,jurl
UN Women,https://www.linkedin.com/company/un-women?trk=public_jobs_jserp-result_job-search-card-subtitle,"Islamabad, Islāmābād, Pakistan",2 weeks ago,UN Women,"Country Representative, Pakistan - Islamabad",https://pk.linkedin.com/jobs/view/country-representative-pakistan-islamabad-at-un-women-3715198612?refId=GcsAqn2MdtOfb7HSQbk5oA%3D%3D&trackingId=5%2BcFow020wdNxYXdrToNkw%3D%3D&position=1&pageNum=0&trk=public_jobs_jserp-result_search-card
Code District,https://www.linkedin.com/company/the-code-district?trk=public_jobs_jserp-result_job-search-card-subtitle,"Lahore, Punjab, Pakistan",4 days ago,Code District,Project Coordinator,https://pk.linkedin.com/jobs/view/project-coordinator-at-code-district-3727598263?refId=GcsAqn2MdtOfb7HSQbk5oA%3D%3D&trackingId=uy2B%2F41Py3GkRzhDh4PH8A%3D%3D&position=2&pageNum=0&trk=public_jobs_jserp-result_search-card
Jeeny,https://sa.linkedin.com/company/jeenyme?trk=public_jobs_jserp-result_job-search-card-subtitle,"Karāchi, Sindh, Pakistan",1 month ago,Jeeny,Backend Engineer - PHP,https://pk.linkedin.com/jobs/view/backend-engineer-php-at-jeeny-3706050869?refId=GcsAqn2MdtOfb7HSQbk5oA%3D%3D&trackingId=FncJg%2FFyTD56cuHwFeYoXQ%3D%3D&position=3&pageNum=0&trk=public_jobs_jserp-result_search-card
Unilever,https://uk.linkedin.com/company/unilever?trk=public_jobs_jserp-result_job-search-card-subtitle,"Karāchi, Sindh, Pakistan",1 week ago,Unilever,Aspire for Unilever - AM Product Development,https://pk.linkedin.com/jobs/view/aspire-for-unilever-am-product-development-at-unilever-3687315463?refId=GcsAqn2MdtOfb7HSQbk5oA%3D%3D&trackingId=BjcweDq6r9yZmsQHhnjJDw%3D%3D&position=4&pageNum=0&trk=public_jobs_jserp-result_search-card
"Government  College University, Faisalabad",https://pk.linkedin.com/company/govt.-college-university-faisalabad?trk=public_jobs_jserp-result_job-search-card-subtitle,"Faisalabad, Punjab, Pakistan",2 months ago,"Government  College University, Faisalabad",Position Vacant,https://pk.linkedin.com/jobs/view/position-vacant-at-government-college-university-faisalabad-3681066352?refId=GcsAqn2MdtOfb7HSQbk5oA%3D%3D&trackingId=zwLIkRKvP57ep7IEqaAEPw%3D%3D&position=5&pageNum=0&trk=public_jobs_jserp-result_search-card
Inbox Business Technologies,https://pk.linkedin.com/company/inbox-business-technologies?trk=public_jobs_jserp-result_job-search-card-subtitle,"Islamabad, Islāmābād, Pakistan",4 months ago,Inbox Business Technologies,Technical Support Specialist,https://pk.linkedin.com/jobs/view/technical-support-specialist-at-inbox-business-technologies-3626950801?refId=GcsAqn2MdtOfb7HSQbk5oA%3D%3D&trackingId=6jtPzvAbjpp4SQhkNE4QBg%3D%3D&position=6&pageNum=0&trk=public_jobs_jserp-result_search-card
Premier Sales Private Limited,https://pk.linkedin.com/company/premier-group-pakistan?trk=public_jobs_jserp-result_job-search-card-subtitle,"Karachi Division, Sindh, Pakistan",1 month ago,Premier Sales Private Limited,MTO - Finance,https://pk.linkedin.com/jobs/view/mto-finance-at-premier-sales-private-limited-3698191020?refId=GcsAqn2MdtOfb7HSQbk5oA%3D%3D&trackingId=F7XlX5C5jKWQDOJMNjLBHQ%3D%3D&position=7&pageNum=0&trk=public_jobs_jserp-result_search-card
Human Resource Solutions International - HRSI,https://pk.linkedin.com/company/hrsi?trk=public_jobs_jserp-result_job-search-card-subtitle,"Quetta, Baluchistan, Pakistan",2 weeks ago,Human Resource Solutions International - HRSI,Warehouse Assistant / RO Plant Operator,https://pk.linkedin.com/jobs/view/warehouse-assistant-ro-plant-operator-at-human-resource-solutions-international-hrsi-3714631630?refId=GcsAqn2MdtOfb7HSQbk5oA%3D%3D&trackingId=MWc6tM6xm4esBH9gcNfXMw%3D%3D&position=8&pageNum=0&trk=public_jobs_jserp-result_search-card
Remotebase,https://www.linkedin.com/company/remotebasehq?trk=public_jobs_jserp-result_job-search-card-subtitle,Pakistan,4 hours ago,Remotebase,Digital Content Marketing Manager,https://pk.linkedin.com/jobs/view/digital-content-marketing-manager-at-remotebase-3731378119?refId=GcsAqn2MdtOfb7HSQbk5oA%3D%3D&trackingId=34joRK9WPZEeCJIDzAmcSQ%3D%3D&position=9&pageNum=0&trk=public_jobs_jserp-result_search-card
The Indus Hospital,https://pk.linkedin.com/company/indus-hospital-health-network?trk=public_jobs_jserp-result_job-search-card-subtitle,"Muzaffargarh, Punjab, Pakistan",4 days ago,The Indus Hospital,Endoscopy Technician,https://pk.linkedin.com/jobs/view/endoscopy-technician-at-the-indus-hospital-3726284796?refId=GcsAqn2MdtOfb7HSQbk5oA%3D%3D&trackingId=TMeW3N7NdZJUbVTUCKqXlw%3D%3D&position=10&pageNum=0&trk=public_jobs_jserp-result_search-card
INTECH Automation & Intelligence,https://www.linkedin.com/company/intech-automation-and-intelligence?trk=public_jobs_jserp-result_job-search-card-subtitle,"Lahore, Punjab, Pakistan",3 months ago,INTECH Automation & Intelligence,Trainee CAD Engineer,https://pk.linkedin.com/jobs/view/trainee-cad-engineer-at-intech-automation-intelligence-3622522971?refId=GcsAqn2MdtOfb7HSQbk5oA%3D%3D&trackingId=WBBsvGAAaGOmMDuU%2BG%2FCgQ%3D%3D&position=11&pageNum=0&trk=public_jobs_jserp-result_search-card
"Government  College University, Faisalabad",https://pk.linkedin.com/company/govt.-college-university-faisalabad?trk=public_jobs_jserp-result_job-search-card-subtitle,"Faisalabad, Punjab, Pakistan",5 months ago,"Government  College University, Faisalabad",Research Assistant Department of Bioinformatics and Biotechnology (5595/Punjab/NRPU/R&D/HEC/2016),https://pk.linkedin.com/jobs/view/research-assistant-department-of-bioinformatics-and-biotechnology-5595-punjab-nrpu-r-d-hec-2016-at-government-college-university-faisalabad-3598631130?refId=GcsAqn2MdtOfb7HSQbk5oA%3D%3D&trackingId=cPfnueQ1gzttKGLfBDgQVQ%3D%3D&position=12&pageNum=0&trk=public_jobs_jserp-result_search-card
Unilever,https://uk.linkedin.com/company/unilever?trk=public_jobs_jserp-result_job-search-card-subtitle,"Karāchi, Sindh, Pakistan",1 week ago,Unilever,Aspire for Unilever - Demand Planner,https://pk.linkedin.com/jobs/view/aspire-for-unilever-demand-planner-at-unilever-3687316118?refId=GcsAqn2MdtOfb7HSQbk5oA%3D%3D&trackingId=HZb3u9i1zPV6Q7Qhz1zMlA%3D%3D&position=13&pageNum=0&trk=public_jobs_jserp-result_search-card
Convo.com,https://www.linkedin.com/company/convocorp?trk=public_jobs_jserp-result_job-search-card-subtitle,"Islamabad, Islāmābād, Pakistan",6 days ago,Convo.com,Internal Auditor,https://pk.linkedin.com/jobs/view/internal-auditor-at-convo-com-3727005433?refId=GcsAqn2MdtOfb7HSQbk5oA%3D%3D&trackingId=iBkdpfqhgErS2e1s4rjOew%3D%3D&position=14&pageNum=0&trk=public_jobs_jserp-result_search-card
The Indus Hospital,https://pk.linkedin.com/company/indus-hospital-health-network?trk=public_jobs_jserp-result_job-search-card-subtitle,"Muzaffargarh, Punjab, Pakistan",1 week ago,The Indus Hospital,QA Officer,https://pk.linkedin.com/jobs/view/qa-officer-at-the-indus-hospital-3721911519?refId=GcsAqn2MdtOfb7HSQbk5oA%3D%3D&trackingId=s5qxQmqnH23xmFUYzsoTtg%3D%3D&position=15&pageNum=0&trk=public_jobs_jserp-result_search-card
"Government  College University, Faisalabad",https://pk.linkedin.com/company/govt.-college-university-faisalabad?trk=public_jobs_jserp-result_job-search-card-subtitle,"Faisalabad, Punjab, Pakistan",6 months ago,"Government  College University, Faisalabad",Research Assistant Pharmaceutical Chemistry,https://pk.linkedin.com/jobs/view/research-assistant-pharmaceutical-chemistry-at-government-college-university-faisalabad-3557117082?refId=GcsAqn2MdtOfb7HSQbk5oA%3D%3D&trackingId=2st9Odxnf7r7ul4ZmrTiFg%3D%3D&position=16&pageNum=0&trk=public_jobs_jserp-result_search-card
Premier Sales Private Limited,https://pk.linkedin.com/company/premier-group-pakistan?trk=public_jobs_jserp-result_job-search-card-subtitle,"Karachi Division, Sindh, Pakistan",2 months ago,Premier Sales Private Limited,MTO - HR,https://pk.linkedin.com/jobs/view/mto-hr-at-premier-sales-private-limited-3660271381?refId=GcsAqn2MdtOfb7HSQbk5oA%3D%3D&trackingId=8C2cjCuI4H5N4zVJlWO7dw%3D%3D&position=17&pageNum=0&trk=public_jobs_jserp-result_search-card
Lumikha Teams,https://ph.linkedin.com/company/lumikhateams?trk=public_jobs_jserp-result_job-search-card-subtitle,Pakistan,2 weeks ago,Lumikha Teams,Voice Agent,https://pk.linkedin.com/jobs/view/voice-agent-at-lumikha-teams-3718933774?refId=GcsAqn2MdtOfb7HSQbk5oA%3D%3D&trackingId=LPPM8AQM%2BLnRdHINa0PyKQ%3D%3D&position=18&pageNum=0&trk=public_jobs_jserp-result_search-card
Byte (YC S20),https://pk.linkedin.com/company/byte-app?trk=public_jobs_jserp-result_job-search-card-subtitle,"Lahore, Punjab, Pakistan",3 weeks ago,Byte (YC S20),Restaurant Manager,https://pk.linkedin.com/jobs/view/restaurant-manager-at-byte-yc-s20-3712334667?refId=GcsAqn2MdtOfb7HSQbk5oA%3D%3D&trackingId=AulmCdQq%2FUj5z%2FdDHjPZaA%3D%3D&position=19&pageNum=0&trk=public_jobs_jserp-result_search-card
PakWheels.com,https://pk.linkedin.com/company/pakwheels?trk=public_jobs_jserp-result_job-search-card-subtitle,"Karāchi, Sindh, Pakistan",4 months ago,PakWheels.com,Car Technician - Karachi,https://pk.linkedin.com/jobs/view/car-technician-karachi-at-pakwheels-com-3625998018?refId=GcsAqn2MdtOfb7HSQbk5oA%3D%3D&trackingId=xrYxHYAe5ASxOvhZB4NIMA%3D%3D&position=20&pageNum=0&trk=public_jobs_jserp-result_search-card
PakWheels.com,https://pk.linkedin.com/company/pakwheels?trk=public_jobs_jserp-result_job-search-card-subtitle,"Multan, Punjab, Pakistan",4 months ago,PakWheels.com,Car Technician - Multan,https://pk.linkedin.com/jobs/view/car-technician-multan-at-pakwheels-com-3625994478?refId=GcsAqn2MdtOfb7HSQbk5oA%3D%3D&trackingId=Wy0U4C2tV5WlhIParq2%2BCw%3D%3D&position=21&pageNum=0&trk=public_jobs_jserp-result_search-card
"Government  College University, Faisalabad",https://pk.linkedin.com/company/govt.-college-university-faisalabad?trk=public_jobs_jserp-result_job-search-card-subtitle,"Faisalabad, Punjab, Pakistan",6 months ago,"Government  College University, Faisalabad",Daily Wages (DPL) Staff for Hostels,https://pk.linkedin.com/jobs/view/daily-wages-dpl-staff-for-hostels-at-government-college-university-faisalabad-3557114139?refId=GcsAqn2MdtOfb7HSQbk5oA%3D%3D&trackingId=XHCqR3asIa%2BYsPWxHVybOA%3D%3D&position=22&pageNum=0&trk=public_jobs_jserp-result_search-card
"Government  College University, Faisalabad",https://pk.linkedin.com/company/govt.-college-university-faisalabad?trk=public_jobs_jserp-result_job-search-card-subtitle,"Faisalabad, Punjab, Pakistan",1 month ago,"Government  College University, Faisalabad",Research Associate Department of Food Science,https://pk.linkedin.com/jobs/view/research-associate-department-of-food-science-at-government-college-university-faisalabad-3704553432?refId=GcsAqn2MdtOfb7HSQbk5oA%3D%3D&trackingId=uRIHRbw9K5ZRD82vOyQPaA%3D%3D&position=23&pageNum=0&trk=public_jobs_jserp-result_search-card
Jeeny,https://sa.linkedin.com/company/jeenyme?trk=public_jobs_jserp-result_job-search-card-subtitle,"Karāchi, Sindh, Pakistan",3 weeks ago,Jeeny,Growth Analyst,https://pk.linkedin.com/jobs/view/growth-analyst-at-jeeny-3712646390?refId=GcsAqn2MdtOfb7HSQbk5oA%3D%3D&trackingId=xoJ813Ey0mZbpWj3Ml2rAg%3D%3D&position=24&pageNum=0&trk=public_jobs_jserp-result_search-card
Reckitt,https://uk.linkedin.com/company/reckitt?trk=public_jobs_jserp-result_job-search-card-subtitle,"Karāchi, Sindh, Pakistan",5 hours ago,Reckitt,Senior Buyer - Indirect Procurement,https://pk.linkedin.com/jobs/view/senior-buyer-indirect-procurement-at-reckitt-3731366767?refId=GcsAqn2MdtOfb7HSQbk5oA%3D%3D&trackingId=9emgIhuaEJETQJqopVWLZw%3D%3D&position=25&pageNum=0&trk=public_jobs_jserp-result_search-card
Search Talent,https://pk.linkedin.com/company/searchtalentinfo?trk=public_jobs_jserp-result_job-search-card-subtitle,Pakistan,6 days ago,Search Talent,Assistant Professor,https://pk.linkedin.com/jobs/view/assistant-professor-at-search-talent-3727012599?refId=fwfKNQm7kKiCba2fi6HmDw%3D%3D&trackingId=B0k6Mt%2BzKRyoe%2FBkobNtWw%3D%3D&position=1&pageNum=1&trk=public_jobs_jserp-result_search-card
"Government  College University, Faisalabad",https://pk.linkedin.com/company/govt.-college-university-faisalabad?trk=public_jobs_jserp-result_job-search-card-subtitle,"Faisalabad, Punjab, Pakistan",3 months ago,"Government  College University, Faisalabad",Position Vacant: Research Assistant,https://pk.linkedin.com/jobs/view/position-vacant-research-assistant-at-government-college-university-faisalabad-3665316447?refId=fwfKNQm7kKiCba2fi6HmDw%3D%3D&trackingId=p5ReqPiBejywsvZeacFL7Q%3D%3D&position=2&pageNum=1&trk=public_jobs_jserp-result_search-card
Inbox Business Technologies,https://pk.linkedin.com/company/inbox-business-technologies?trk=public_jobs_jserp-result_job-search-card-subtitle,"Islamabad, Islāmābād, Pakistan",5 months ago,Inbox Business Technologies,IT Support Engineer,https://pk.linkedin.com/jobs/view/it-support-engineer-at-inbox-business-technologies-3597723009?refId=fwfKNQm7kKiCba2fi6HmDw%3D%3D&trackingId=dtFDNMHjr8fy4q%2BwpDvcWA%3D%3D&position=3&pageNum=1&trk=public_jobs_jserp-result_search-card
"Government  College University, Faisalabad",https://pk.linkedin.com/company/govt.-college-university-faisalabad?trk=public_jobs_jserp-result_job-search-card-subtitle,"Faisalabad, Punjab, Pakistan",6 months ago,"Government  College University, Faisalabad",Secretariat Staff Department of Botany,https://pk.linkedin.com/jobs/view/secretariat-staff-department-of-botany-at-government-college-university-faisalabad-3557109933?refId=fwfKNQm7kKiCba2fi6HmDw%3D%3D&trackingId=qYj5Q%2BvAf6c5jvQGE4jeNA%3D%3D&position=4&pageNum=1&trk=public_jobs_jserp-result_search-card
Deutsche Bank,https://de.linkedin.com/company/deutsche-bank?trk=public_jobs_jserp-result_job-search-card-subtitle,"Karāchi, Sindh, Pakistan",2 months ago,Deutsche Bank,Know Your Client (KYC) Operato,https://pk.linkedin.com/jobs/view/know-your-client-kyc-operato-at-deutsche-bank-3670884467?refId=fwfKNQm7kKiCba2fi6HmDw%3D%3D&trackingId=C3uzqWH%2BgZA7sHe5MJ6kEA%3D%3D&position=5&pageNum=1&trk=public_jobs_jserp-result_search-card
Burq,https://pk.linkedin.com/company/burq?trk=public_jobs_jserp-result_job-search-card-subtitle,"Lahore, Punjab, Pakistan",5 days ago,Burq,Customer Success Manager,https://pk.linkedin.com/jobs/view/customer-success-manager-at-burq-3728701778?refId=fwfKNQm7kKiCba2fi6HmDw%3D%3D&trackingId=%2BYQRn2lsq8MFK6pUcRp33g%3D%3D&position=6&pageNum=1&trk=public_jobs_jserp-result_search-card
"Government  College University, Faisalabad",https://pk.linkedin.com/company/govt.-college-university-faisalabad?trk=public_jobs_jserp-result_job-search-card-subtitle,"Faisalabad, Punjab, Pakistan",6 months ago,"Government  College University, Faisalabad",Research Assistant Department of Food Science,https://pk.linkedin.com/jobs/view/research-assistant-department-of-food-science-at-government-college-university-faisalabad-3557112617?refId=fwfKNQm7kKiCba2fi6HmDw%3D%3D&trackingId=K0Tz%2FwZzcMkQcqJx2Ipovg%3D%3D&position=7&pageNum=1&trk=public_jobs_jserp-result_search-card
"Government  College University, Faisalabad",https://pk.linkedin.com/company/govt.-college-university-faisalabad?trk=public_jobs_jserp-result_job-search-card-subtitle,"Faisalabad, Punjab, Pakistan",2 months ago,"Government  College University, Faisalabad",Position (Research Assistant) Available in the Department of Environmental Sciences & Engineering,https://pk.linkedin.com/jobs/view/position-research-assistant-available-in-the-department-of-environmental-sciences-engineering-at-government-college-university-faisalabad-3678471461?refId=fwfKNQm7kKiCba2fi6HmDw%3D%3D&trackingId=SL12PntkjVripLpeEUoyuQ%3D%3D&position=8&pageNum=1&trk=public_jobs_jserp-result_search-card
British Council,https://uk.linkedin.com/company/british-council?trk=public_jobs_jserp-result_job-search-card-subtitle,"Lahore, Punjab, Pakistan",4 days ago,British Council,Test Day Officer,https://pk.linkedin.com/jobs/view/test-day-officer-at-british-council-3726290268?refId=fwfKNQm7kKiCba2fi6HmDw%3D%3D&trackingId=6Qz91q%2FbGy37tGMzogLecQ%3D%3D&position=9&pageNum=1&trk=public_jobs_jserp-result_search-card
Jeeny,https://sa.linkedin.com/company/jeenyme?trk=public_jobs_jserp-result_job-search-card-subtitle,"Lahore, Punjab, Pakistan",4 weeks ago,Jeeny,Sr. People Operations,https://pk.linkedin.com/jobs/view/sr-people-operations-at-jeeny-3730041599?refId=fwfKNQm7kKiCba2fi6HmDw%3D%3D&trackingId=IvK22rco8XqM0eaA6Q0gUQ%3D%3D&position=10&pageNum=1&trk=public_jobs_jserp-result_search-card
"Government  College University, Faisalabad",https://pk.linkedin.com/company/govt.-college-university-faisalabad?trk=public_jobs_jserp-result_job-search-card-subtitle,"Faisalabad, Punjab, Pakistan",4 months ago,"Government  College University, Faisalabad",Position Vacant: Research Associate in Bioinformatics & Biotechnology (20-3704/NRPU/R&D/HEC/14/744),https://pk.linkedin.com/jobs/view/position-vacant-research-associate-in-bioinformatics-biotechnology-20-3704-nrpu-r-d-hec-14-744-at-government-college-university-faisalabad-3637107564?refId=fwfKNQm7kKiCba2fi6HmDw%3D%3D&trackingId=5cJbh2DDwb6XcApVeW5eVw%3D%3D&position=11&pageNum=1&trk=public_jobs_jserp-result_search-card
Finclude,https://pk.linkedin.com/company/finclude?trk=public_jobs_jserp-result_job-search-card-subtitle,"Karāchi, Sindh, Pakistan",1 week ago,Finclude,Chief Operating Officer,https://pk.linkedin.com/jobs/view/chief-operating-officer-at-finclude-3726005784?refId=fwfKNQm7kKiCba2fi6HmDw%3D%3D&trackingId=Un20AWtc4OA17xlm3u5Uxw%3D%3D&position=12&pageNum=1&trk=public_jobs_jserp-result_search-card
Creative Chaos,https://www.linkedin.com/company/creative-chaos?trk=public_jobs_jserp-result_job-search-card-subtitle,Pakistan,2 weeks ago,Creative Chaos,Future Opportunities,https://pk.linkedin.com/jobs/view/future-opportunities-at-creative-chaos-3719413065?refId=fwfKNQm7kKiCba2fi6HmDw%3D%3D&trackingId=bUFtowdpxUDnJsmu4x9UtA%3D%3D&position=13&pageNum=1&trk=public_jobs_jserp-result_search-card
"Educative, Inc.",https://www.linkedin.com/company/educative-inc?trk=public_jobs_jserp-result_job-search-card-subtitle,"Islamabad, Islāmābād, Pakistan",3 months ago,"Educative, Inc.",Project Manager (Islamabad),https://pk.linkedin.com/jobs/view/project-manager-islamabad-at-educative-inc-3664073603?refId=fwfKNQm7kKiCba2fi6HmDw%3D%3D&trackingId=UhILfFGYw1j4mL4yhfGZtQ%3D%3D&position=14&pageNum=1&trk=public_jobs_jserp-result_search-card
Unilever,https://uk.linkedin.com/company/unilever?trk=public_jobs_jserp-result_job-search-card-subtitle,"Karāchi, Sindh, Pakistan",1 week ago,Unilever,Aspire for Unilever - Assistant Project Delivery Manager (APDM),https://pk.linkedin.com/jobs/view/aspire-for-unilever-assistant-project-delivery-manager-apdm-at-unilever-3704043966?refId=fwfKNQm7kKiCba2fi6HmDw%3D%3D&trackingId=JRXJSF9ZJUfk73%2BqpgakRA%3D%3D&position=15&pageNum=1&trk=public_jobs_jserp-result_search-card
"Government  College University, Faisalabad",https://pk.linkedin.com/company/govt.-college-university-faisalabad?trk=public_jobs_jserp-result_job-search-card-subtitle,"Faisalabad, Punjab, Pakistan",3 months ago,"Government  College University, Faisalabad",Research Associate Environmental Science & Engineering Project No. 5634/Punjab/NRPU/R&D/2016,https://pk.linkedin.com/jobs/view/research-associate-environmental-science-engineering-project-no-5634-punjab-nrpu-r-d-2016-at-government-college-university-faisalabad-3665317336?refId=fwfKNQm7kKiCba2fi6HmDw%3D%3D&trackingId=mlYolH8rlpO42lYpi6t%2BHA%3D%3D&position=16&pageNum=1&trk=public_jobs_jserp-result_search-card
"Government  College University, Faisalabad",https://pk.linkedin.com/company/govt.-college-university-faisalabad?trk=public_jobs_jserp-result_job-search-card-subtitle,"Faisalabad, Punjab, Pakistan",4 months ago,"Government  College University, Faisalabad",Position Vacant:Department of Botany,https://pk.linkedin.com/jobs/view/position-vacant-department-of-botany-at-government-college-university-faisalabad-3637107496?refId=fwfKNQm7kKiCba2fi6HmDw%3D%3D&trackingId=mooZlPs6xGhyb30gZ%2Bf8jA%3D%3D&position=17&pageNum=1&trk=public_jobs_jserp-result_search-card
Creative Chaos,https://www.linkedin.com/company/creative-chaos?trk=public_jobs_jserp-result_job-search-card-subtitle,Pakistan,4 days ago,Creative Chaos,Product Manager,https://pk.linkedin.com/jobs/view/product-manager-at-creative-chaos-3729510790?refId=fwfKNQm7kKiCba2fi6HmDw%3D%3D&trackingId=0W34p62Og4CvOqj%2BpVshzw%3D%3D&position=18&pageNum=1&trk=public_jobs_jserp-result_search-card
Dastgyr,https://ae.linkedin.com/company/dastgyr?trk=public_jobs_jserp-result_job-search-card-subtitle,"Karachi Division, Sindh, Pakistan",1 month ago,Dastgyr,Data Scientist,https://pk.linkedin.com/jobs/view/data-scientist-at-dastgyr-3706740368?refId=fwfKNQm7kKiCba2fi6HmDw%3D%3D&trackingId=habQfKmpwuWGMFfsFW%2FpbQ%3D%3D&position=19&pageNum=1&trk=public_jobs_jserp-result_search-card
PakWheels.com,https://pk.linkedin.com/company/pakwheels?trk=public_jobs_jserp-result_job-search-card-subtitle,"Karāchi, Sindh, Pakistan",4 months ago,PakWheels.com,Business Development Executive - Karachi,https://pk.linkedin.com/jobs/view/business-development-executive-karachi-at-pakwheels-com-3625997122?refId=fwfKNQm7kKiCba2fi6HmDw%3D%3D&trackingId=%2Fa1AZzckzP458MCy23h7tA%3D%3D&position=20&pageNum=1&trk=public_jobs_jserp-result_search-card
Dawlance,https://pk.linkedin.com/company/dawlance?trk=public_jobs_jserp-result_job-search-card-subtitle,"Karachi Division, Sindh, Pakistan",2 weeks ago,Dawlance,Engineer Production Control,https://pk.linkedin.com/jobs/view/engineer-production-control-at-dawlance-3721061696?refId=fwfKNQm7kKiCba2fi6HmDw%3D%3D&trackingId=yDFGba9L9wxsExly%2BCrPZw%3D%3D&position=21&pageNum=1&trk=public_jobs_jserp-result_search-card
AutoLeap,https://ca.linkedin.com/company/autoleap?trk=public_jobs_jserp-result_job-search-card-subtitle,Pakistan,2 weeks ago,AutoLeap,Content Associate,https://pk.linkedin.com/jobs/view/content-associate-at-autoleap-3719408688?refId=fwfKNQm7kKiCba2fi6HmDw%3D%3D&trackingId=uXx0xoBT8ZnyDnEdaFF1cg%3D%3D&position=22&pageNum=1&trk=public_jobs_jserp-result_search-card
AutoLeap,https://ca.linkedin.com/company/autoleap?trk=public_jobs_jserp-result_job-search-card-subtitle,Pakistan,2 weeks ago,AutoLeap,Product Support Specialist,https://pk.linkedin.com/jobs/view/product-support-specialist-at-autoleap-3719412126?refId=fwfKNQm7kKiCba2fi6HmDw%3D%3D&trackingId=sBXGtY9Zo0ThzHTmy%2Bm2Sg%3D%3D&position=23&pageNum=1&trk=public_jobs_jserp-result_search-card
Oxfam,https://uk.linkedin.com/company/oxfam?trk=public_jobs_jserp-result_job-search-card-subtitle,"Islamabad, Islāmābād, Pakistan",4 days ago,Oxfam,FINANCE ASSISTANT,https://pk.linkedin.com/jobs/view/finance-assistant-at-oxfam-3729558643?refId=fwfKNQm7kKiCba2fi6HmDw%3D%3D&trackingId=Twa8M0Uo%2B4D4fjJwoIMMfw%3D%3D&position=24&pageNum=1&trk=public_jobs_jserp-result_search-card
Human Resource Solutions International - HRSI,https://pk.linkedin.com/company/hrsi?trk=public_jobs_jserp-result_job-search-card-subtitle,"Quetta, Baluchistan, Pakistan",2 weeks ago,Human Resource Solutions International - HRSI,Electrician,https://pk.linkedin.com/jobs/view/electrician-at-human-resource-solutions-international-hrsi-3714632549?refId=fwfKNQm7kKiCba2fi6HmDw%3D%3D&trackingId=uST4uEyOgArCZYrLGz089A%3D%3D&position=25&pageNum=1&trk=public_jobs_jserp-result_search-card
Creative Chaos,https://www.linkedin.com/company/creative-chaos?trk=public_jobs_jserp-result_job-search-card-subtitle,Pakistan,4 days ago,Creative Chaos,Product Manager,https://pk.linkedin.com/jobs/view/product-manager-at-creative-chaos-3729510790?refId=gW195UUWRZsKVz7RTQueqg%3D%3D&trackingId=kQ2A4lUN0%2Bahs4x7oaVa4w%3D%3D&position=1&pageNum=2&trk=public_jobs_jserp-result_search-card
Dastgyr,https://ae.linkedin.com/company/dastgyr?trk=public_jobs_jserp-result_job-search-card-subtitle,"Karachi Division, Sindh, Pakistan",1 month ago,Dastgyr,Data Scientist,https://pk.linkedin.com/jobs/view/data-scientist-at-dastgyr-3706740368?refId=gW195UUWRZsKVz7RTQueqg%3D%3D&trackingId=fVWPYjNDFUCQKZg8skrEZg%3D%3D&position=2&pageNum=2&trk=public_jobs_jserp-result_search-card
"Government  College University, Faisalabad",https://pk.linkedin.com/company/govt.-college-university-faisalabad?trk=public_jobs_jserp-result_job-search-card-subtitle,"Faisalabad, Punjab, Pakistan",2 months ago,"Government  College University, Faisalabad",Position Vacant in the Department Mathematics under Higher Education Commission Project No.                                                  21-2503/SRGP/R&D/HEC/2019,https://pk.linkedin.com/jobs/view/position-vacant-in-the-department-mathematics-under-higher-education-commission-project-no-21-2503-srgp-r-d-hec-2019-at-government-college-university-faisalabad-3678469747?refId=gW195UUWRZsKVz7RTQueqg%3D%3D&trackingId=guztwW6e5oFE2aw1k6WL5Q%3D%3D&position=3&pageNum=2&trk=public_jobs_jserp-result_search-card
Inbox Business Technologies,https://pk.linkedin.com/company/inbox-business-technologies?trk=public_jobs_jserp-result_job-search-card-subtitle,"Karāchi, Sindh, Pakistan",1 month ago,Inbox Business Technologies,Technical Support Officer,https://pk.linkedin.com/jobs/view/technical-support-officer-at-inbox-business-technologies-3684769819?refId=gW195UUWRZsKVz7RTQueqg%3D%3D&trackingId=VgJA5rRYr%2FhuEo%2BrOB%2B2eQ%3D%3D&position=4&pageNum=2&trk=public_jobs_jserp-result_search-card
"Government  College University, Faisalabad",https://pk.linkedin.com/company/govt.-college-university-faisalabad?trk=public_jobs_jserp-result_job-search-card-subtitle,"Faisalabad, Punjab, Pakistan",3 months ago,"Government  College University, Faisalabad",HIV/AIDS Expert required for “Manual Development for HIV/AIDS Sensitization”,https://pk.linkedin.com/jobs/view/hiv-aids-expert-required-for-%E2%80%9Cmanual-development-for-hiv-aids-sensitization%E2%80%9D-at-government-college-university-faisalabad-3665317345?refId=gW195UUWRZsKVz7RTQueqg%3D%3D&trackingId=UO%2BZ1p9H%2BFQLgVrO9v2Xvw%3D%3D&position=5&pageNum=2&trk=public_jobs_jserp-result_search-card
"Government  College University, Faisalabad",https://pk.linkedin.com/company/govt.-college-university-faisalabad?trk=public_jobs_jserp-result_job-search-card-subtitle,"Faisalabad, Punjab, Pakistan",4 months ago,"Government  College University, Faisalabad",Research Assistant Department of Environmental Sciences & Engineering,https://pk.linkedin.com/jobs/view/research-assistant-department-of-environmental-sciences-engineering-at-government-college-university-faisalabad-3637107515?refId=gW195UUWRZsKVz7RTQueqg%3D%3D&trackingId=XDZCOWBsz5zF5inECfuaqw%3D%3D&position=6&pageNum=2&trk=public_jobs_jserp-result_search-card
Leverify,https://www.linkedin.com/company/leverifyllc?trk=public_jobs_jserp-result_job-search-card-subtitle,"Islamabad, Islāmābād, Pakistan",4 days ago,Leverify,Logistics Executive,https://pk.linkedin.com/jobs/view/logistics-executive-at-leverify-3729513977?refId=gW195UUWRZsKVz7RTQueqg%3D%3D&trackingId=tbruULTG99LPWGl1n8sfwg%3D%3D&position=7&pageNum=2&trk=public_jobs_jserp-result_search-card
AutoLeap,https://ca.linkedin.com/company/autoleap?trk=public_jobs_jserp-result_job-search-card-subtitle,Pakistan,2 weeks ago,AutoLeap,Product Support Specialist,https://pk.linkedin.com/jobs/view/product-support-specialist-at-autoleap-3719412126?refId=gW195UUWRZsKVz7RTQueqg%3D%3D&trackingId=zU2i%2FIwa9j4L5vpQGFZcdQ%3D%3D&position=8&pageNum=2&trk=public_jobs_jserp-result_search-card
Oxfam,https://uk.linkedin.com/company/oxfam?trk=public_jobs_jserp-result_job-search-card-subtitle,"Islamabad, Islāmābād, Pakistan",4 days ago,Oxfam,FINANCE ASSISTANT,https://pk.linkedin.com/jobs/view/finance-assistant-at-oxfam-3729558643?refId=gW195UUWRZsKVz7RTQueqg%3D%3D&trackingId=Rh5A2MnQSVDHSI8xbmJ5sg%3D%3D&position=9&pageNum=2&trk=public_jobs_jserp-result_search-card
"Government  College University, Faisalabad",https://pk.linkedin.com/company/govt.-college-university-faisalabad?trk=public_jobs_jserp-result_job-search-card-subtitle,"Faisalabad, Punjab, Pakistan",3 months ago,"Government  College University, Faisalabad",Position Vacant: Research Assistant Department College of Allied Health Professionals,https://pk.linkedin.com/jobs/view/position-vacant-research-assistant-department-college-of-allied-health-professionals-at-government-college-university-faisalabad-3665316427?refId=gW195UUWRZsKVz7RTQueqg%3D%3D&trackingId=UyD%2BegvuffVv%2F5hCexRO3w%3D%3D&position=10&pageNum=2&trk=public_jobs_jserp-result_search-card
"Government  College University, Faisalabad",https://pk.linkedin.com/company/govt.-college-university-faisalabad?trk=public_jobs_jserp-result_job-search-card-subtitle,"Faisalabad, Punjab, Pakistan",6 months ago,"Government  College University, Faisalabad",Research Assistant Pharmaceutical Chemistry,https://pk.linkedin.com/jobs/view/research-assistant-pharmaceutical-chemistry-at-government-college-university-faisalabad-3557117082?refId=gW195UUWRZsKVz7RTQueqg%3D%3D&trackingId=oEKl2A46SLck9YsMEsW5Xg%3D%3D&position=11&pageNum=2&trk=public_jobs_jserp-result_search-card
Inbox Business Technologies,https://pk.linkedin.com/company/inbox-business-technologies?trk=public_jobs_jserp-result_job-search-card-subtitle,"Islamabad, Islāmābād, Pakistan",4 months ago,Inbox Business Technologies,Technical Support Specialist,https://pk.linkedin.com/jobs/view/technical-support-specialist-at-inbox-business-technologies-3626950801?refId=gW195UUWRZsKVz7RTQueqg%3D%3D&trackingId=P5eMDDBU4ahSj1DHyJAr0A%3D%3D&position=12&pageNum=2&trk=public_jobs_jserp-result_search-card
Human Resource Solutions International - HRSI,https://pk.linkedin.com/company/hrsi?trk=public_jobs_jserp-result_job-search-card-subtitle,"Quetta, Baluchistan, Pakistan",2 weeks ago,Human Resource Solutions International - HRSI,Electrician,https://pk.linkedin.com/jobs/view/electrician-at-human-resource-solutions-international-hrsi-3714632549?refId=gW195UUWRZsKVz7RTQueqg%3D%3D&trackingId=ps8WhV7%2BZTXR%2FPgfNWDdmA%3D%3D&position=13&pageNum=2&trk=public_jobs_jserp-result_search-card
"Government  College University, Faisalabad",https://pk.linkedin.com/company/govt.-college-university-faisalabad?trk=public_jobs_jserp-result_job-search-card-subtitle,"Faisalabad, Punjab, Pakistan",2 months ago,"Government  College University, Faisalabad",Research Assistant Institute of Home and Food Sciences,https://pk.linkedin.com/jobs/view/research-assistant-institute-of-home-and-food-sciences-at-government-college-university-faisalabad-3683519541?refId=gW195UUWRZsKVz7RTQueqg%3D%3D&trackingId=GNE%2FzO2onqT8%2BrxsvFF6oA%3D%3D&position=14&pageNum=2&trk=public_jobs_jserp-result_search-card
Dastgyr,https://ae.linkedin.com/company/dastgyr?trk=public_jobs_jserp-result_job-search-card-subtitle,"Karachi Division, Sindh, Pakistan",1 month ago,Dastgyr,Creative Designer,https://pk.linkedin.com/jobs/view/creative-designer-at-dastgyr-3692193052?refId=gW195UUWRZsKVz7RTQueqg%3D%3D&trackingId=6VoaHrlKg9NunkrcVf16Bg%3D%3D&position=15&pageNum=2&trk=public_jobs_jserp-result_search-card
Eram Talent,https://sa.linkedin.com/company/eramtalent?trk=public_jobs_jserp-result_job-search-card-subtitle,"Karāchi, Sindh, Pakistan",1 week ago,Eram Talent,Civil Inspector (T & I) (Saudi Arabia),https://pk.linkedin.com/jobs/view/civil-inspector-t-i-saudi-arabia-at-eram-talent-3725632029?refId=gW195UUWRZsKVz7RTQueqg%3D%3D&trackingId=zE97alri90cFy1ugk%2FnNgQ%3D%3D&position=16&pageNum=2&trk=public_jobs_jserp-result_search-card
National University of Sciences and Technology (NUST),https://pk.linkedin.com/company/nustofficial?trk=public_jobs_jserp-result_job-search-card-subtitle,"Islamabad, Islāmābād, Pakistan",6 days ago,National University of Sciences and Technology (NUST),Security Guard- Islamabad Campus,https://pk.linkedin.com/jobs/view/security-guard-islamabad-campus-at-national-university-of-sciences-and-technology-nust-3727091772?refId=gW195UUWRZsKVz7RTQueqg%3D%3D&trackingId=7HNJDKhaOsEDpwBcHFHBVw%3D%3D&position=17&pageNum=2&trk=public_jobs_jserp-result_search-card
People (Professional Employers Pvt Ltd),https://pk.linkedin.com/company/professional-employers-pvt.-ltd.?trk=public_jobs_jserp-result_job-search-card-subtitle,"Islamabad, Islāmābād, Pakistan",1 month ago,People (Professional Employers Pvt Ltd),Executive Secretary-(H-080-04),https://pk.linkedin.com/jobs/view/executive-secretary-h-080-04-at-people-professional-employers-pvt-ltd-3696364568?refId=gW195UUWRZsKVz7RTQueqg%3D%3D&trackingId=42iWoaKJ1LfX9L%2FB5J9H%2Bg%3D%3D&position=18&pageNum=2&trk=public_jobs_jserp-result_search-card
Unilever,https://uk.linkedin.com/company/unilever?trk=public_jobs_jserp-result_job-search-card-subtitle,"Karāchi, Sindh, Pakistan",1 week ago,Unilever,Aspire for Unilever - AM Safety,https://pk.linkedin.com/jobs/view/aspire-for-unilever-am-safety-at-unilever-3687314487?refId=gW195UUWRZsKVz7RTQueqg%3D%3D&trackingId=52Zmlat0%2FCHn6nBvqg%2FoJw%3D%3D&position=19&pageNum=2&trk=public_jobs_jserp-result_search-card
"Government  College University, Faisalabad",https://pk.linkedin.com/company/govt.-college-university-faisalabad?trk=public_jobs_jserp-result_job-search-card-subtitle,"Faisalabad, Punjab, Pakistan",4 months ago,"Government  College University, Faisalabad",Position Vacant: Research Associate in Food Science (Project No. 20-3137/NRPU/R&D/HEC/11/606),https://pk.linkedin.com/jobs/view/position-vacant-research-associate-in-food-science-project-no-20-3137-nrpu-r-d-hec-11-606-at-government-college-university-faisalabad-3637107565?refId=gW195UUWRZsKVz7RTQueqg%3D%3D&trackingId=6lHTPdVagNFSgS0cVeSECg%3D%3D&position=20&pageNum=2&trk=public_jobs_jserp-result_search-card
"Government  College University, Faisalabad",https://pk.linkedin.com/company/govt.-college-university-faisalabad?trk=public_jobs_jserp-result_job-search-card-subtitle,"Faisalabad, Punjab, Pakistan",3 months ago,"Government  College University, Faisalabad",Research Associate Position in the Institute of Home and Food Sciences,https://pk.linkedin.com/jobs/view/research-associate-position-in-the-institute-of-home-and-food-sciences-at-government-college-university-faisalabad-3665317342?refId=gW195UUWRZsKVz7RTQueqg%3D%3D&trackingId=07zN4Ye%2F4Lk9obfuxopkrw%3D%3D&position=21&pageNum=2&trk=public_jobs_jserp-result_search-card
Inbox Business Technologies,https://pk.linkedin.com/company/inbox-business-technologies?trk=public_jobs_jserp-result_job-search-card-subtitle,"Islamabad, Islāmābād, Pakistan",2 months ago,Inbox Business Technologies,Technical Support Officer,https://pk.linkedin.com/jobs/view/technical-support-officer-at-inbox-business-technologies-3682860839?refId=gW195UUWRZsKVz7RTQueqg%3D%3D&trackingId=bYAL1vsV2WEuWSalsnBbig%3D%3D&position=22&pageNum=2&trk=public_jobs_jserp-result_search-card
"Government  College University, Faisalabad",https://pk.linkedin.com/company/govt.-college-university-faisalabad?trk=public_jobs_jserp-result_job-search-card-subtitle,"Faisalabad, Punjab, Pakistan",3 months ago,"Government  College University, Faisalabad",Position Vacant: Research Assistant,https://pk.linkedin.com/jobs/view/position-vacant-research-assistant-at-government-college-university-faisalabad-3665316447?refId=gW195UUWRZsKVz7RTQueqg%3D%3D&trackingId=w%2FnHvuFifGJ1YoPxY8Ue2w%3D%3D&position=23&pageNum=2&trk=public_jobs_jserp-result_search-card
Inbox Business Technologies,https://pk.linkedin.com/company/inbox-business-technologies?trk=public_jobs_jserp-result_job-search-card-subtitle,"Karāchi, Sindh, Pakistan",3 months ago,Inbox Business Technologies,Technical Support Officer,https://pk.linkedin.com/jobs/view/technical-support-officer-at-inbox-business-technologies-3628689261?refId=gW195UUWRZsKVz7RTQueqg%3D%3D&trackingId=8dXkPERgtkbEAgSstF0hew%3D%3D&position=24&pageNum=2&trk=public_jobs_jserp-result_search-card
The Citizens Foundation,https://pk.linkedin.com/company/the-citizens-foundation?trk=public_jobs_jserp-result_job-search-card-subtitle,"Karachi Division, Sindh, Pakistan",1 week ago,The Citizens Foundation,Head Of Education Excellence – South,https://pk.linkedin.com/jobs/view/head-of-education-excellence-%E2%80%93-south-at-the-citizens-foundation-3723316407?refId=gW195UUWRZsKVz7RTQueqg%3D%3D&trackingId=OpClLKP8cMP%2Fli99KpP2nQ%3D%3D&position=25&pageNum=2&trk=public_jobs_jserp-result_search-card
People (Professional Employers Pvt Ltd),https://pk.linkedin.com/company/professional-employers-pvt.-ltd.?trk=public_jobs_jserp-result_job-search-card-subtitle,"Karāchi, Sindh, Pakistan",1 week ago,People (Professional Employers Pvt Ltd),Front Desk Officer (CN-09-23),https://pk.linkedin.com/jobs/view/front-desk-officer-cn-09-23-at-people-professional-employers-pvt-ltd-3716466841?refId=i2vV2CMtNmtYh%2F0xx71sCw%3D%3D&trackingId=%2B3vpoABcBzlUrUCJ7LlH4Q%3D%3D&position=1&pageNum=3&trk=public_jobs_jserp-result_search-card
INTECH Automation & Intelligence,https://www.linkedin.com/company/intech-automation-and-intelligence?trk=public_jobs_jserp-result_job-search-card-subtitle,"Lahore, Punjab, Pakistan",3 months ago,INTECH Automation & Intelligence,Trainee CAD Engineer,https://pk.linkedin.com/jobs/view/trainee-cad-engineer-at-intech-automation-intelligence-3622522971?refId=i2vV2CMtNmtYh%2F0xx71sCw%3D%3D&trackingId=MBHVwcWNYLjPS%2BTl2uoMrg%3D%3D&position=2&pageNum=3&trk=public_jobs_jserp-result_search-card
Unilever,https://uk.linkedin.com/company/unilever?trk=public_jobs_jserp-result_job-search-card-subtitle,"Karāchi, Sindh, Pakistan",1 week ago,Unilever,Aspire for Unilever - AM Process,https://pk.linkedin.com/jobs/view/aspire-for-unilever-am-process-at-unilever-3704047327?refId=i2vV2CMtNmtYh%2F0xx71sCw%3D%3D&trackingId=xBfrkmlO%2BdMoTfG12kc7Tg%3D%3D&position=3&pageNum=3&trk=public_jobs_jserp-result_search-card
TalentKompass Deutschland,https://pk.linkedin.com/company/talentkompass-deutschland?trk=public_jobs_jserp-result_job-search-card-subtitle,"Islamabad, Islāmābād, Pakistan",1 week ago,TalentKompass Deutschland,Junior Business Analyst (Remote Internship),https://pk.linkedin.com/jobs/view/junior-business-analyst-remote-internship-at-talentkompass-deutschland-3721960299?refId=i2vV2CMtNmtYh%2F0xx71sCw%3D%3D&trackingId=wxg6A7v6lCUOt2iQdHWDFg%3D%3D&position=4&pageNum=3&trk=public_jobs_jserp-result_search-card
Human Resource Solutions International - HRSI,https://pk.linkedin.com/company/hrsi?trk=public_jobs_jserp-result_job-search-card-subtitle,"Karāchi, Sindh, Pakistan",2 weeks ago,Human Resource Solutions International - HRSI,Dairy and Frozen Department Team Member,https://pk.linkedin.com/jobs/view/dairy-and-frozen-department-team-member-at-human-resource-solutions-international-hrsi-3714637033?refId=i2vV2CMtNmtYh%2F0xx71sCw%3D%3D&trackingId=287RQx%2BTKyIsm%2FbSpgmngg%3D%3D&position=5&pageNum=3&trk=public_jobs_jserp-result_search-card
Arkhitech,https://pk.linkedin.com/company/arkhitech?trk=public_jobs_jserp-result_job-search-card-subtitle,"Islamabad, Islāmābād, Pakistan",4 months ago,Arkhitech,Software Engineer - Fresh - 2023,https://pk.linkedin.com/jobs/view/software-engineer-fresh-2023-at-arkhitech-3625997121?refId=i2vV2CMtNmtYh%2F0xx71sCw%3D%3D&trackingId=M9H85Tq%2BzJAYmNr2gL2f8w%3D%3D&position=6&pageNum=3&trk=public_jobs_jserp-result_search-card
Dastgyr,https://ae.linkedin.com/company/dastgyr?trk=public_jobs_jserp-result_job-search-card-subtitle,"Karachi Division, Sindh, Pakistan",1 month ago,Dastgyr,Product Ops Analyst,https://pk.linkedin.com/jobs/view/product-ops-analyst-at-dastgyr-3714126273?refId=i2vV2CMtNmtYh%2F0xx71sCw%3D%3D&trackingId=kpUsGX2Rfuv8VMNZjRVq%2Fw%3D%3D&position=7&pageNum=3&trk=public_jobs_jserp-result_search-card
Deutsche Bank,https://de.linkedin.com/company/deutsche-bank?trk=public_jobs_jserp-result_job-search-card-subtitle,"Karāchi, Sindh, Pakistan",2 months ago,Deutsche Bank,Know Your Client (KYC) Operato,https://pk.linkedin.com/jobs/view/know-your-client-kyc-operato-at-deutsche-bank-3670884467?refId=i2vV2CMtNmtYh%2F0xx71sCw%3D%3D&trackingId=spWCGLdpxVCC3R0OWGxCmw%3D%3D&position=8&pageNum=3&trk=public_jobs_jserp-result_search-card
